"Designator","Footprint","Mid X","Mid Y","Ref X","Ref Y","Pad X","Pad Y","Layer","Rotation","Comment"
""
"R21","TANTALUM_KEMET_C","97.0513mm","62.0268mm","96.302mm","62.0268mm","96.302mm","62.0268mm","B","360.00","2K7"
"SW19","key4p","11.3875mm","9.5116mm","11.3875mm","9.5116mm","9.1375mm","5.5116mm","T","90.00","tactile key"
"R42","TANTALUM_KEMET_C","76.6297mm","61.8236mm","77.379mm","61.8236mm","77.379mm","61.8236mm","B","180.00","18K"
"C4","TANTALUM_KEMET_C","86.4108mm","34.6837mm","86.4108mm","33.9344mm","86.4108mm","33.9344mm","B","90.00","10uF"
"R24","TANTALUM_KEMET_C","79.4872mm","65.1637mm","79.4872mm","64.4144mm","79.4872mm","64.4144mm","B","90.00","150R"
"R25","TANTALUM_KEMET_C","81.57mm","65.1637mm","81.57mm","64.4144mm","81.57mm","64.4144mm","B","90.00","150R"
"R26","TANTALUM_KEMET_C","83.5258mm","65.1637mm","83.5258mm","64.4144mm","83.5258mm","64.4144mm","B","90.00","150R"
"R18","TANTALUM_KEMET_C","93.8636mm","65.1637mm","93.8636mm","64.4144mm","93.8636mm","64.4144mm","B","90.00","2K7"
"C2","TANTALUM_KEMET_C","91.8824mm","65.1637mm","91.8824mm","64.4144mm","91.8824mm","64.4144mm","B","90.00","100nF"
"R3","TANTALUM_KEMET_C","89.5964mm","65.1637mm","89.5964mm","64.4144mm","89.5964mm","64.4144mm","B","90.00","82R"
"R2","TANTALUM_KEMET_C","87.6406mm","65.1637mm","87.6406mm","64.4144mm","87.6406mm","64.4144mm","B","90.00","82R"
"R1","TANTALUM_KEMET_C","85.6848mm","65.1637mm","85.6848mm","64.4144mm","85.6848mm","64.4144mm","B","90.00","82R"
"R19","TANTALUM_KEMET_C","95.8702mm","65.1637mm","95.8702mm","64.4144mm","95.8702mm","64.4144mm","B","90.00","2K7"
"R23","TANTALUM_KEMET_C","77.5568mm","65.1637mm","77.5568mm","64.4144mm","77.5568mm","64.4144mm","B","90.00","150R"
"R33","TANTALUM_KEMET_C","78.1156mm","78.2193mm","78.1156mm","77.47mm","78.1156mm","77.47mm","B","90.00","18K"
"R40","TANTALUM_KEMET_C","96.429mm","78.2193mm","96.429mm","77.47mm","96.429mm","77.47mm","B","90.00","18K"
"R27","TANTALUM_KEMET_C","86.2944mm","78.2193mm","86.2944mm","77.47mm","86.2944mm","77.47mm","B","90.00","150R"
"R37","TANTALUM_KEMET_C","88.2756mm","78.2193mm","88.2756mm","77.47mm","88.2756mm","77.47mm","B","90.00","18K"
"R38","TANTALUM_KEMET_C","90.4854mm","78.2193mm","90.4854mm","77.47mm","90.4854mm","77.47mm","B","90.00","18K"
"R28","TANTALUM_KEMET_C","92.4666mm","78.2193mm","92.4666mm","77.47mm","92.4666mm","77.47mm","B","90.00","150R"
"R39","TANTALUM_KEMET_C","94.4478mm","78.2193mm","94.4478mm","77.47mm","94.4478mm","77.47mm","B","90.00","18K"
"R36","TANTALUM_KEMET_C","84.3132mm","78.2193mm","84.3132mm","77.47mm","84.3132mm","77.47mm","B","90.00","18K"
"R35","TANTALUM_KEMET_C","82.1796mm","78.2193mm","82.1796mm","77.47mm","82.1796mm","77.47mm","B","90.00","18K"
"R34","TANTALUM_KEMET_C","80.046mm","78.2193mm","80.046mm","77.47mm","80.046mm","77.47mm","B","90.00","18K"
"LR 151","LED0603","126.0856mm","50.673mm","126.0856mm","50.673mm","125.0442mm","50.673mm","T","360.00",""
"R4","TANTALUM_KEMET_C","97.0513mm","60.0964mm","96.302mm","60.0964mm","96.302mm","60.0964mm","B","360.00","82R"
"R5","TANTALUM_KEMET_C","97.0513mm","58.1152mm","96.302mm","58.1152mm","96.302mm","58.1152mm","B","360.00","82R"
"R6","TANTALUM_KEMET_C","97.0513mm","56.134mm","96.302mm","56.134mm","96.302mm","56.134mm","B","360.00","82R"
"C3","TANTALUM_KEMET_C","97.0513mm","53.975mm","96.302mm","53.975mm","96.302mm","53.975mm","B","360.00","100nF"
"R10","TANTALUM_KEMET_C","97.0513mm","45.593mm","96.302mm","45.593mm","96.302mm","45.593mm","B","360.00","82R"
"R9","TANTALUM_KEMET_C","97.0513mm","47.625mm","96.302mm","47.625mm","96.302mm","47.625mm","B","360.00","82R"
"R30","TANTALUM_KEMET_C","97.0513mm","49.8094mm","96.302mm","49.8094mm","96.302mm","49.8094mm","B","360.00","150R"
"R29","TANTALUM_KEMET_C","97.0513mm","51.943mm","96.302mm","51.943mm","96.302mm","51.943mm","B","360.00","150R"
"R7","TANTALUM_KEMET_C","94.1176mm","44.7167mm","94.1176mm","45.466mm","94.1176mm","45.466mm","B","270.00","82R"
"R8","TANTALUM_KEMET_C","92.1364mm","44.7167mm","92.1364mm","45.466mm","92.1364mm","45.466mm","B","270.00","82R"
"R17","TANTALUM_KEMET_C","90.1552mm","44.7167mm","90.1552mm","45.466mm","90.1552mm","45.466mm","B","270.00","82R"
"R20","TANTALUM_KEMET_C","88.174mm","44.7167mm","88.174mm","45.466mm","88.174mm","45.466mm","B","270.00","2K7"
"R13","TANTALUM_KEMET_C","79.7666mm","44.7167mm","79.7666mm","45.466mm","79.7666mm","45.466mm","B","270.00","82R"
"R12","TANTALUM_KEMET_C","81.824mm","44.7167mm","81.824mm","45.466mm","81.824mm","45.466mm","B","270.00","82R"
"R11","TANTALUM_KEMET_C","83.8814mm","44.7167mm","83.8814mm","45.466mm","83.8814mm","45.466mm","B","270.00","82R"
"C5","TANTALUM_KEMET_C","85.9388mm","44.7167mm","85.9388mm","45.466mm","85.9388mm","45.466mm","B","270.00","10uF"
"R22","TANTALUM_KEMET_C","76.6297mm","53.9242mm","77.379mm","53.9242mm","77.379mm","53.9242mm","B","180.00","2K7"
"R31","TANTALUM_KEMET_C","76.6297mm","56.0324mm","77.379mm","56.0324mm","77.379mm","56.0324mm","B","180.00","150R"
"R41","TANTALUM_KEMET_C","76.6297mm","57.9628mm","77.379mm","57.9628mm","77.379mm","57.9628mm","B","180.00","18K"
"R32","TANTALUM_KEMET_C","76.6297mm","59.8932mm","77.379mm","59.8932mm","77.379mm","59.8932mm","B","180.00","150R"
"C1","TANTALUM_KEMET_C","76.6297mm","51.3334mm","77.379mm","51.3334mm","77.379mm","51.3334mm","B","180.00","100nF"
"R16","TANTALUM_KEMET_C","76.6297mm","48.7934mm","77.379mm","48.7934mm","77.379mm","48.7934mm","B","180.00","82R"
"R15","TANTALUM_KEMET_C","76.6297mm","46.7868mm","77.379mm","46.7868mm","77.379mm","46.7868mm","B","180.00","82R"
"R14","TANTALUM_KEMET_C","76.6297mm","44.7802mm","77.379mm","44.7802mm","77.379mm","44.7802mm","B","180.00","82R"
"U2","LED0603","79.7102mm","33.6169mm","79.7102mm","33.6169mm","82.5352mm","35.8919mm","B","180.00","74hc138"
"U1","PCBComponent_1","87.031mm","54.61mm","87.031mm","54.61mm","81.331mm","57.01mm","B","90.00","PIC24FJ256GA704"
"U3","LED0603","94.493mm","33.6169mm","94.493mm","33.6169mm","97.318mm","35.8919mm","B","180.00","74HC138"
"SW20","key4p","87.0698mm","71.8507mm","87.0698mm","71.8507mm","83.0698mm","69.6007mm","B","360.00","tactile key"
"SW18","key4p","20.7093mm","9.5116mm","20.7093mm","9.5116mm","18.4593mm","5.5116mm","T","90.00","tactile key"
"SW17","key4p","29.7993mm","9.5116mm","29.7993mm","9.5116mm","27.5493mm","5.5116mm","T","90.00","tactile key"
"SW16","key4p","37.7971mm","9.5116mm","37.7971mm","9.5116mm","35.5471mm","5.5116mm","T","90.00","tactile key"
"SW15","key4p","45.7965mm","9.5116mm","45.7965mm","9.5116mm","43.5465mm","5.5116mm","T","90.00","tactile key"
"SW14","key4p","53.7943mm","9.5116mm","53.7943mm","9.5116mm","51.5443mm","5.5116mm","T","90.00","tactile key"
"SW1","key4p","163.4521mm","9.5116mm","163.4521mm","9.5116mm","161.2021mm","5.5116mm","T","90.00","tactile key"
"SW2","key4p","154.1621mm","9.5116mm","154.1621mm","9.5116mm","151.9121mm","5.5116mm","T","90.00","tactile key"
"SW3","key4p","146.1643mm","9.5116mm","146.1643mm","9.5116mm","143.9143mm","5.5116mm","T","90.00","tactile key"
"SW4","key4p","138.1649mm","9.5116mm","138.1649mm","9.5116mm","135.9149mm","5.5116mm","T","90.00","tactile key"
"SW5","key4p","130.1671mm","9.5116mm","130.1671mm","9.5116mm","127.9171mm","5.5116mm","T","90.00","tactile key"
"SW9","key4p","96.8551mm","9.5116mm","96.8551mm","9.5116mm","94.6051mm","5.5116mm","T","90.00","tactile key"
"SW8","key4p","104.8529mm","9.5116mm","104.8529mm","9.5116mm","102.6029mm","5.5116mm","T","90.00","tactile key"
"SW7","key4p","112.8523mm","9.5116mm","112.8523mm","9.5116mm","110.6023mm","5.5116mm","T","90.00","tactile key"
"SW6","key4p","120.8501mm","9.5116mm","120.8501mm","9.5116mm","118.6001mm","5.5116mm","T","90.00","tactile key"
"SW10","key4p","87.5381mm","9.5116mm","87.5381mm","9.5116mm","85.2881mm","5.5116mm","T","90.00","tactile key"
"SW11","key4p","79.5403mm","9.5116mm","79.5403mm","9.5116mm","77.2903mm","5.5116mm","T","90.00","tactile key"
"SW12","key4p","71.5409mm","9.5116mm","71.5409mm","9.5116mm","69.2909mm","5.5116mm","T","90.00","tactile key"
"SW13","key4p","63.5431mm","9.5116mm","63.5431mm","9.5116mm","61.2931mm","5.5116mm","T","90.00","tactile key"
"LY 81","LED0603","70.629mm","32.9454mm","70.629mm","32.9454mm","69.5876mm","32.9454mm","T","0.00",""
"LY 80","LED0603","66.7206mm","32.9454mm","66.7206mm","32.9454mm","65.6792mm","32.9454mm","T","0.00",""
"LY 79","LED0603","62.8122mm","32.9454mm","62.8122mm","32.9454mm","61.7708mm","32.9454mm","T","0.00",""
"LY 78","LED0603","58.9038mm","32.9454mm","58.9038mm","32.9454mm","57.8624mm","32.9454mm","T","0.00",""
"LY 89","LED0603","53.1968mm","32.9454mm","53.1968mm","32.9454mm","52.1554mm","32.9454mm","T","0.00",""
"LY 88","LED0603","49.2884mm","32.9454mm","49.2884mm","32.9454mm","48.247mm","32.9454mm","T","0.00",""
"LY 87","LED0603","45.38mm","32.9454mm","45.38mm","32.9454mm","44.3386mm","32.9454mm","T","0.00",""
"LY 86","LED0603","41.4716mm","32.9454mm","41.4716mm","32.9454mm","40.4302mm","32.9454mm","T","0.00",""
"LY 85","LED0603","35.763mm","32.9454mm","35.763mm","32.9454mm","34.7216mm","32.9454mm","T","0.00",""
"LY 84","LED0603","31.8816mm","32.9454mm","31.8816mm","32.9454mm","30.8402mm","32.9454mm","T","0.00",""
"LY 83","LED0603","27.9732mm","32.9454mm","27.9732mm","32.9454mm","26.9318mm","32.9454mm","T","0.00",""
"LY 82","LED0603","24.0648mm","32.9454mm","24.0648mm","32.9454mm","23.0234mm","32.9454mm","T","0.00",""
"LR 182","LED0603","17.2812mm","32.9454mm","17.2812mm","32.9454mm","16.2398mm","32.9454mm","T","0.00",""
"LR 181","LED0603","12.7632mm","32.9454mm","12.7632mm","32.9454mm","11.7218mm","32.9454mm","T","0.00",""
"LR 180","LED0603","8.2452mm","32.9454mm","8.2452mm","32.9454mm","7.2038mm","32.9454mm","T","0.00",""
"LR 183","LED0603","89.1958mm","32.9328mm","89.1958mm","32.9328mm","88.1544mm","32.9328mm","T","0.00",""
"LY 77","LED0603","17.245mm","39.5224mm","17.245mm","39.5224mm","16.2036mm","39.5224mm","T","0.00",""
"LY 76","LED0603","12.7492mm","39.5224mm","12.7492mm","39.5224mm","11.7078mm","39.5224mm","T","0.00",""
"LY 75","LED0603","8.2534mm","39.5224mm","8.2534mm","39.5224mm","7.212mm","39.5224mm","T","0.00",""
"LY 71","LED0603","8.2534mm","48.6918mm","8.2534mm","48.6918mm","7.212mm","48.6918mm","T","0.00",""
"LY 70","LED0603","12.7492mm","48.6918mm","12.7492mm","48.6918mm","11.7078mm","48.6918mm","T","0.00",""
"LY 69","LED0603","17.245mm","48.6918mm","17.245mm","48.6918mm","16.2036mm","48.6918mm","T","0.00",""
"LY 68","LED0603","28.5602mm","55.5974mm","28.5602mm","55.5974mm","27.5188mm","55.5974mm","T","0.00",""
"LY 67","LED0603","43.47mm","55.5974mm","43.47mm","55.5974mm","42.4286mm","55.5974mm","T","0.00",""
"LY 66","LED0603","58.3798mm","55.5974mm","58.3798mm","55.5974mm","57.3384mm","55.5974mm","T","0.00",""
"LY 65","LED0603","73.2896mm","55.5974mm","73.2896mm","55.5974mm","72.2482mm","55.5974mm","T","0.00",""
"LY 64","LED0603","28.5602mm","58.8248mm","28.5602mm","58.8248mm","27.5188mm","58.8248mm","T","0.00",""
"LY 63","LED0603","43.47mm","58.8248mm","43.47mm","58.8248mm","42.4286mm","58.8248mm","T","0.00",""
"LY 62","LED0603","58.3798mm","58.8248mm","58.3798mm","58.8248mm","57.3384mm","58.8248mm","T","0.00",""
"LY 61","LED0603","73.2896mm","58.8248mm","73.2896mm","58.8248mm","72.2482mm","58.8248mm","T","0.00",""
"LY 60","LED0603","28.5602mm","62.0014mm","28.5602mm","62.0014mm","27.5188mm","62.0014mm","T","0.00",""
"LY 59","LED0603","43.47mm","62.0014mm","43.47mm","62.0014mm","42.4286mm","62.0014mm","T","0.00",""
"LY 58","LED0603","58.3798mm","62.0014mm","58.3798mm","62.0014mm","57.3384mm","62.0014mm","T","0.00",""
"LY 57","LED0603","73.2896mm","62.0014mm","73.2896mm","62.0014mm","72.2482mm","62.0014mm","T","0.00",""
"LR 129","LED0603","24.4382mm","69.0452mm","24.4382mm","69.0452mm","24.4382mm","68.0038mm","T","90.00",""
"LR 130","LED0603","39.392mm","69.0452mm","39.392mm","69.0452mm","39.392mm","68.0038mm","T","90.00",""
"LR 131","LED0603","54.4018mm","69.0452mm","54.4018mm","69.0452mm","54.4018mm","68.0038mm","T","90.00",""
"LR 132","LED0603","69.3116mm","69.0452mm","69.3116mm","69.0452mm","69.3116mm","68.0038mm","T","90.00",""
"LY 52","LED0603","28.577mm","77.0018mm","28.577mm","77.0018mm","27.5356mm","77.0018mm","T","360.00",""
"LY 51","LED0603","43.4868mm","77.0018mm","43.4868mm","77.0018mm","42.4454mm","77.0018mm","T","360.00",""
"LY 50","LED0603","58.422mm","77.0018mm","58.422mm","77.0018mm","57.3806mm","77.0018mm","T","360.00",""
"LY 49","LED0603","73.3318mm","77.0018mm","73.3318mm","77.0018mm","72.2904mm","77.0018mm","T","360.00",""
"LY 48","LED0603","98.9309mm","28.3921mm","98.9309mm","28.3921mm","97.8895mm","28.3921mm","T","360.00",""
"LY 47","LED0603","98.9309mm","31.5925mm","98.9309mm","31.5925mm","97.8895mm","31.5925mm","T","360.00",""
"LY 46","LED0603","98.9309mm","34.7929mm","98.9309mm","34.7929mm","97.8895mm","34.7929mm","T","360.00",""
"LY 45","LED0603","98.9309mm","37.9933mm","98.9309mm","37.9933mm","97.8895mm","37.9933mm","T","360.00",""
"LY 44","LED0603","98.9309mm","41.1937mm","98.9309mm","41.1937mm","97.8895mm","41.1937mm","T","360.00",""
"LY 43","LED0603","98.9309mm","44.3941mm","98.9309mm","44.3941mm","97.8895mm","44.3941mm","T","360.00",""
"LY 42","LED0603","98.9309mm","47.5945mm","98.9309mm","47.5945mm","97.8895mm","47.5945mm","T","360.00",""
"LY 41","LED0603","98.9309mm","50.7949mm","98.9309mm","50.7949mm","97.8895mm","50.7949mm","T","360.00",""
"LY 40","LED0603","98.9309mm","53.9953mm","98.9309mm","53.9953mm","97.8895mm","53.9953mm","T","360.00",""
"LY 39","LED0603","98.9309mm","57.1957mm","98.9309mm","57.1957mm","97.8895mm","57.1957mm","T","360.00",""
"LY 38","LED0603","98.9309mm","60.3961mm","98.9309mm","60.3961mm","97.8895mm","60.3961mm","T","360.00",""
"LY 37","LED0603","98.9309mm","63.5965mm","98.9309mm","63.5965mm","97.8895mm","63.5965mm","T","360.00",""
"LY 36","LED0603","98.9309mm","66.7969mm","98.9309mm","66.7969mm","97.8895mm","66.7969mm","T","360.00",""
"LY 35","LED0603","98.9309mm","69.9973mm","98.9309mm","69.9973mm","97.8895mm","69.9973mm","T","360.00",""
"LY 34","LED0603","98.9309mm","73.1977mm","98.9309mm","73.1977mm","97.8895mm","73.1977mm","T","360.00",""
"LY 33","LED0603","98.9309mm","76.3981mm","98.9309mm","76.3981mm","97.8895mm","76.3981mm","T","360.00",""
"LY 32","LED0603","117.5491mm","28.3921mm","117.5491mm","28.3921mm","116.5077mm","28.3921mm","T","360.00",""
"LY 31","LED0603","117.5491mm","31.5925mm","117.5491mm","31.5925mm","116.5077mm","31.5925mm","T","360.00",""
"LY 30","LED0603","117.5491mm","34.7929mm","117.5491mm","34.7929mm","116.5077mm","34.7929mm","T","360.00",""
"LY 29","LED0603","117.5491mm","37.9933mm","117.5491mm","37.9933mm","116.5077mm","37.9933mm","T","360.00",""
"LY 28","LED0603","117.5491mm","41.1937mm","117.5491mm","41.1937mm","116.5077mm","41.1937mm","T","360.00",""
"LY 27","LED0603","117.5491mm","44.3941mm","117.5491mm","44.3941mm","116.5077mm","44.3941mm","T","360.00",""
"LY 26","LED0603","117.5491mm","47.5945mm","117.5491mm","47.5945mm","116.5077mm","47.5945mm","T","360.00",""
"LY 25","LED0603","117.5491mm","50.7949mm","117.5491mm","50.7949mm","116.5077mm","50.7949mm","T","360.00",""
"LY 24","LED0603","117.5491mm","53.9953mm","117.5491mm","53.9953mm","116.5077mm","53.9953mm","T","360.00",""
"LY 23","LED0603","117.5491mm","57.1957mm","117.5491mm","57.1957mm","116.5077mm","57.1957mm","T","360.00",""
"LY 22","LED0603","117.5491mm","60.3961mm","117.5491mm","60.3961mm","116.5077mm","60.3961mm","T","360.00",""
"LY 21","LED0603","117.5491mm","63.5965mm","117.5491mm","63.5965mm","116.5077mm","63.5965mm","T","360.00",""
"LY 20","LED0603","117.5491mm","66.7969mm","117.5491mm","66.7969mm","116.5077mm","66.7969mm","T","360.00",""
"LY 19","LED0603","117.5491mm","69.9973mm","117.5491mm","69.9973mm","116.5077mm","69.9973mm","T","360.00",""
"LY 18","LED0603","117.5491mm","73.1977mm","117.5491mm","73.1977mm","116.5077mm","73.1977mm","T","360.00",""
"LY 17","LED0603","117.5491mm","76.3981mm","117.5491mm","76.3981mm","116.5077mm","76.3981mm","T","360.00",""
"LY 16","LED0603","134.4147mm","28.3921mm","134.4147mm","28.3921mm","133.3733mm","28.3921mm","T","360.00",""
"LY 15","LED0603","134.4147mm","31.5925mm","134.4147mm","31.5925mm","133.3733mm","31.5925mm","T","360.00",""
"LY 14","LED0603","134.4147mm","34.7929mm","134.4147mm","34.7929mm","133.3733mm","34.7929mm","T","360.00",""
"LY 13","LED0603","134.4147mm","37.9933mm","134.4147mm","37.9933mm","133.3733mm","37.9933mm","T","360.00",""
"LY 12","LED0603","134.4147mm","41.1937mm","134.4147mm","41.1937mm","133.3733mm","41.1937mm","T","360.00",""
"LY 11","LED0603","134.4147mm","44.3941mm","134.4147mm","44.3941mm","133.3733mm","44.3941mm","T","360.00",""
"LY 10","LED0603","134.4147mm","47.5945mm","134.4147mm","47.5945mm","133.3733mm","47.5945mm","T","360.00",""
"LY 9","LED0603","134.4147mm","50.7949mm","134.4147mm","50.7949mm","133.3733mm","50.7949mm","T","360.00",""
"LY 8","LED0603","134.4147mm","53.9953mm","134.4147mm","53.9953mm","133.3733mm","53.9953mm","T","360.00",""
"LY 7","LED0603","134.4147mm","57.1957mm","134.4147mm","57.1957mm","133.3733mm","57.1957mm","T","360.00",""
"LY 6","LED0603","134.4147mm","60.3961mm","134.4147mm","60.3961mm","133.3733mm","60.3961mm","T","360.00",""
"LY 5","LED0603","134.4147mm","63.5965mm","134.4147mm","63.5965mm","133.3733mm","63.5965mm","T","360.00",""
"LY 4","LED0603","134.4147mm","66.7969mm","134.4147mm","66.7969mm","133.3733mm","66.7969mm","T","360.00",""
"LY 3","LED0603","134.4147mm","69.9973mm","134.4147mm","69.9973mm","133.3733mm","69.9973mm","T","360.00",""
"LY 2","LED0603","134.4147mm","73.1977mm","134.4147mm","73.1977mm","133.3733mm","73.1977mm","T","360.00",""
"LR 178","LED0603","161.8594mm","16.8402mm","161.8594mm","16.8402mm","160.818mm","16.8402mm","T","0.00",""
"LR 177","LED0603","161.8594mm","19.7612mm","161.8594mm","19.7612mm","160.818mm","19.7612mm","T","0.00",""
"LR 176","LED0603","153.5584mm","21.336mm","153.5584mm","21.336mm","152.517mm","21.336mm","T","0.00",""
"LR 175","LED0603","146.0162mm","21.336mm","146.0162mm","21.336mm","144.9748mm","21.336mm","T","0.00",""
"LR 174","LED0603","138.274mm","21.336mm","138.274mm","21.336mm","137.2326mm","21.336mm","T","0.00",""
"LR 173","LED0603","130.6318mm","21.336mm","130.6318mm","21.336mm","129.5904mm","21.336mm","T","0.00",""
"LR 172","LED0603","120.2718mm","21.336mm","120.2718mm","21.336mm","119.2304mm","21.336mm","T","0.00",""
"LR 171","LED0603","112.6296mm","21.336mm","112.6296mm","21.336mm","111.5882mm","21.336mm","T","0.00",""
"LR 170","LED0603","104.9874mm","21.336mm","104.9874mm","21.336mm","103.946mm","21.336mm","T","0.00",""
"LR 169","LED0603","97.3452mm","21.336mm","97.3452mm","21.336mm","96.3038mm","21.336mm","T","0.00",""
"LR 168","LED0603","86.9852mm","21.336mm","86.9852mm","21.336mm","85.9438mm","21.336mm","T","0.00",""
"LR 167","LED0603","79.343mm","21.336mm","79.343mm","21.336mm","78.3016mm","21.336mm","T","0.00",""
"LR 166","LED0603","71.7008mm","21.336mm","71.7008mm","21.336mm","70.6594mm","21.336mm","T","0.00",""
"LR 165","LED0603","64.0586mm","21.336mm","64.0586mm","21.336mm","63.0172mm","21.336mm","T","0.00",""
"LR 164","LED0603","53.4192mm","26.1112mm","53.4192mm","26.1112mm","52.3778mm","26.1112mm","T","0.00",""
"LR 163","LED0603","45.777mm","26.1112mm","45.777mm","26.1112mm","44.7356mm","26.1112mm","T","0.00",""
"LR 162","LED0603","38.1348mm","26.1112mm","38.1348mm","26.1112mm","37.0934mm","26.1112mm","T","0.00",""
"LR 161","LED0603","30.4926mm","26.1112mm","30.4926mm","26.1112mm","29.4512mm","26.1112mm","T","0.00",""
"LR 160","LED0603","18.661mm","16.0814mm","18.661mm","16.0814mm","17.6196mm","16.0814mm","T","0.00",""
"LR 159","LED0603","18.661mm","18.6722mm","18.661mm","18.6722mm","17.6196mm","18.6722mm","T","0.00",""
"LR 158","LED0603","18.661mm","21.263mm","18.661mm","21.263mm","17.6196mm","21.263mm","T","0.00",""
"LR 157","LED0603","18.661mm","23.8792mm","18.661mm","23.8792mm","17.6196mm","23.8792mm","T","0.00",""
"LR 156","LED0603","85.1454mm","32.9454mm","85.1454mm","32.9454mm","84.104mm","32.9454mm","T","0.00",""
"LR 155","LED0603","81.1354mm","32.9454mm","81.1354mm","32.9454mm","80.094mm","32.9454mm","T","0.00",""
"LR 154","LED0603","77.1mm","32.9454mm","77.1mm","32.9454mm","76.0586mm","32.9454mm","T","0.00",""
"LR 153","LED0603","89.408mm","65.8622mm","89.408mm","65.8622mm","89.408mm","64.8208mm","T","90.00",""
"LR 152","LED0603","89.4588mm","73.4822mm","89.4588mm","73.4822mm","88.4174mm","73.4822mm","T","360.00",""
"LR 179","LED0603","83.2612mm","68.9356mm","83.2612mm","68.9356mm","83.2612mm","67.8942mm","T","90.00",""
"LR 150","LED0603","89.4588mm","44.0436mm","89.4588mm","44.0436mm","88.4174mm","44.0436mm","T","0.00",""
"LR 149","LED0603","89.4842mm","48.768mm","89.4842mm","48.768mm","88.4428mm","48.768mm","T","360.00",""
"LR 148","LED0603","73.3404mm","39.5224mm","73.3404mm","39.5224mm","72.299mm","39.5224mm","T","0.00",""
"LR 147","LED0603","58.4052mm","39.5224mm","58.4052mm","39.5224mm","57.3638mm","39.5224mm","T","0.00",""
"LR 146","LED0603","43.4192mm","39.5224mm","43.4192mm","39.5224mm","42.3778mm","39.5224mm","T","0.00",""
"LR 145","LED0603","28.5094mm","39.5224mm","28.5094mm","39.5224mm","27.468mm","39.5224mm","T","0.00",""
"LR 144","LED0603","73.3404mm","44.1452mm","73.3404mm","44.1452mm","72.299mm","44.1452mm","T","0.00",""
"LR 143","LED0603","58.4052mm","44.1706mm","58.4052mm","44.1706mm","57.3638mm","44.1706mm","T","0.00",""
"LR 142","LED0603","43.4192mm","44.1452mm","43.4192mm","44.1452mm","42.3778mm","44.1452mm","T","0.00",""
"LR 141","LED0603","28.5094mm","44.1452mm","28.5094mm","44.1452mm","27.468mm","44.1452mm","T","0.00",""
"LR 140","LED0603","73.3658mm","48.7172mm","73.3658mm","48.7172mm","72.3244mm","48.7172mm","T","0.00",""
"LR 139","LED0603","58.3798mm","48.7172mm","58.3798mm","48.7172mm","57.3384mm","48.7172mm","T","0.00",""
"LR 138","LED0603","43.4192mm","48.7172mm","43.4192mm","48.7172mm","42.3778mm","48.7172mm","T","0.00",""
"LR 137","LED0603","28.5094mm","48.7172mm","28.5094mm","48.7172mm","27.468mm","48.7172mm","T","0.00",""
"LR 136","LED0603","73.2896mm","65.8876mm","73.2896mm","65.8876mm","72.2482mm","65.8876mm","T","0.00",""
"LR 135","LED0603","58.3798mm","65.8876mm","58.3798mm","65.8876mm","57.3384mm","65.8876mm","T","0.00",""
"LR 134","LED0603","43.47mm","65.8876mm","43.47mm","65.8876mm","42.4286mm","65.8876mm","T","0.00",""
"LR 133","LED0603","28.5602mm","65.8876mm","28.5602mm","65.8876mm","27.5188mm","65.8876mm","T","0.00",""
"LY 53","LED0603","73.2896mm","73.4272mm","73.2896mm","73.4272mm","72.2482mm","73.4272mm","T","0.00",""
"LY 54","LED0603","58.3798mm","73.4272mm","58.3798mm","73.4272mm","57.3384mm","73.4272mm","T","0.00",""
"LY 55","LED0603","43.47mm","73.4272mm","43.47mm","73.4272mm","42.4286mm","73.4272mm","T","0.00",""
"LY 56","LED0603","28.5602mm","73.4272mm","28.5602mm","73.4272mm","27.5188mm","73.4272mm","T","0.00",""
"LR 128","LED0603","165.6465mm","28.3667mm","165.6465mm","28.3667mm","164.9102mm","27.6303mm","T","45.00",""
"LR 127","LED0603","162.4461mm","28.3667mm","162.4461mm","28.3667mm","161.7098mm","27.6303mm","T","45.00",""
"LR 126","LED0603","159.2457mm","28.3667mm","159.2457mm","28.3667mm","158.5094mm","27.6303mm","T","45.00",""
"LR 125","LED0603","156.0453mm","28.3667mm","156.0453mm","28.3667mm","155.309mm","27.6303mm","T","45.00",""
"LR 124","LED0603","152.8449mm","28.3667mm","152.8449mm","28.3667mm","152.1086mm","27.6303mm","T","45.00",""
"LR 123","LED0603","149.6445mm","28.3667mm","149.6445mm","28.3667mm","148.9082mm","27.6303mm","T","45.00",""
"LR 122","LED0603","146.4441mm","28.3667mm","146.4441mm","28.3667mm","145.7078mm","27.6303mm","T","45.00",""
"LR 121","LED0603","143.2437mm","28.3667mm","143.2437mm","28.3667mm","142.5074mm","27.6303mm","T","45.00",""
"LR 120","LED0603","165.6465mm","31.5671mm","165.6465mm","31.5671mm","164.9102mm","30.8307mm","T","45.00",""
"LR 119","LED0603","162.4461mm","31.5671mm","162.4461mm","31.5671mm","161.7098mm","30.8307mm","T","45.00",""
"LR 118","LED0603","159.2457mm","31.5671mm","159.2457mm","31.5671mm","158.5094mm","30.8307mm","T","45.00",""
"LR 117","LED0603","156.0453mm","31.5671mm","156.0453mm","31.5671mm","155.309mm","30.8307mm","T","45.00",""
"LR 116","LED0603","152.8449mm","31.5671mm","152.8449mm","31.5671mm","152.1086mm","30.8307mm","T","45.00",""
"LR 115","LED0603","149.6445mm","31.5671mm","149.6445mm","31.5671mm","148.9082mm","30.8307mm","T","45.00",""
"LR 114","LED0603","146.4441mm","31.5671mm","146.4441mm","31.5671mm","145.7078mm","30.8307mm","T","45.00",""
"LR 113","LED0603","143.2437mm","31.5671mm","143.2437mm","31.5671mm","142.5074mm","30.8307mm","T","45.00",""
"LR 112","LED0603","165.6465mm","34.7675mm","165.6465mm","34.7675mm","164.9102mm","34.0311mm","T","45.00",""
"LR 111","LED0603","162.4461mm","34.7675mm","162.4461mm","34.7675mm","161.7098mm","34.0311mm","T","45.00",""
"LR 110","LED0603","159.2457mm","34.7675mm","159.2457mm","34.7675mm","158.5094mm","34.0311mm","T","45.00",""
"LR 109","LED0603","156.0453mm","34.7675mm","156.0453mm","34.7675mm","155.309mm","34.0311mm","T","45.00",""
"LR 108","LED0603","152.8449mm","34.7675mm","152.8449mm","34.7675mm","152.1086mm","34.0311mm","T","45.00",""
"LR 107","LED0603","149.6445mm","34.7675mm","149.6445mm","34.7675mm","148.9082mm","34.0311mm","T","45.00",""
"LR 106","LED0603","146.4441mm","34.7675mm","146.4441mm","34.7675mm","145.7078mm","34.0311mm","T","45.00",""
"LR 105","LED0603","143.2437mm","34.7675mm","143.2437mm","34.7675mm","142.5074mm","34.0311mm","T","45.00",""
"LR 104","LED0603","165.6465mm","37.9679mm","165.6465mm","37.9679mm","164.9102mm","37.2315mm","T","45.00",""
"LR 103","LED0603","162.4461mm","37.9679mm","162.4461mm","37.9679mm","161.7098mm","37.2315mm","T","45.00",""
"LR 102","LED0603","159.2457mm","37.9679mm","159.2457mm","37.9679mm","158.5094mm","37.2315mm","T","45.00",""
"LR 101","LED0603","156.0453mm","37.9679mm","156.0453mm","37.9679mm","155.309mm","37.2315mm","T","45.00",""
"LR 100","LED0603","152.8449mm","37.9679mm","152.8449mm","37.9679mm","152.1086mm","37.2315mm","T","45.00",""
"LR 99","LED0603","149.6445mm","37.9679mm","149.6445mm","37.9679mm","148.9082mm","37.2315mm","T","45.00",""
"LR 98","LED0603","146.4441mm","37.9679mm","146.4441mm","37.9679mm","145.7078mm","37.2315mm","T","45.00",""
"LR 97","LED0603","143.2437mm","37.9679mm","143.2437mm","37.9679mm","142.5074mm","37.2315mm","T","45.00",""
"LR 96","LED0603","165.6465mm","41.1683mm","165.6465mm","41.1683mm","164.9102mm","40.4319mm","T","45.00",""
"LR 95","LED0603","162.4461mm","41.1683mm","162.4461mm","41.1683mm","161.7098mm","40.4319mm","T","45.00",""
"LR 94","LED0603","159.2457mm","41.1683mm","159.2457mm","41.1683mm","158.5094mm","40.4319mm","T","45.00",""
"LR 93","LED0603","156.0453mm","41.1683mm","156.0453mm","41.1683mm","155.309mm","40.4319mm","T","45.00",""
"LR 92","LED0603","152.8449mm","41.1683mm","152.8449mm","41.1683mm","152.1086mm","40.4319mm","T","45.00",""
"LR 91","LED0603","149.6445mm","41.1683mm","149.6445mm","41.1683mm","148.9082mm","40.4319mm","T","45.00",""
"LR 90","LED0603","146.4441mm","41.1683mm","146.4441mm","41.1683mm","145.7078mm","40.4319mm","T","45.00",""
"LR 89","LED0603","143.2437mm","41.1683mm","143.2437mm","41.1683mm","142.5074mm","40.4319mm","T","45.00",""
"LR 88","LED0603","165.6465mm","44.3687mm","165.6465mm","44.3687mm","164.9102mm","43.6323mm","T","45.00",""
"LR 87","LED0603","162.4461mm","44.3687mm","162.4461mm","44.3687mm","161.7098mm","43.6323mm","T","45.00",""
"LR 86","LED0603","159.2457mm","44.3687mm","159.2457mm","44.3687mm","158.5094mm","43.6323mm","T","45.00",""
"LR 85","LED0603","156.0453mm","44.3687mm","156.0453mm","44.3687mm","155.309mm","43.6323mm","T","45.00",""
"LR 84","LED0603","152.8449mm","44.3687mm","152.8449mm","44.3687mm","152.1086mm","43.6323mm","T","45.00",""
"LR 83","LED0603","149.6445mm","44.3687mm","149.6445mm","44.3687mm","148.9082mm","43.6323mm","T","45.00",""
"LR 82","LED0603","146.4441mm","44.3687mm","146.4441mm","44.3687mm","145.7078mm","43.6323mm","T","45.00",""
"LR 81","LED0603","143.2437mm","44.3687mm","143.2437mm","44.3687mm","142.5074mm","43.6323mm","T","45.00",""
"LR 80","LED0603","165.6465mm","47.5691mm","165.6465mm","47.5691mm","164.9102mm","46.8327mm","T","45.00",""
"LR 79","LED0603","162.4461mm","47.5691mm","162.4461mm","47.5691mm","161.7098mm","46.8327mm","T","45.00",""
"LR 78","LED0603","159.2457mm","47.5691mm","159.2457mm","47.5691mm","158.5094mm","46.8327mm","T","45.00",""
"LR 77","LED0603","156.0453mm","47.5691mm","156.0453mm","47.5691mm","155.309mm","46.8327mm","T","45.00",""
"LR 76","LED0603","152.8449mm","47.5691mm","152.8449mm","47.5691mm","152.1086mm","46.8327mm","T","45.00",""
"LR 75","LED0603","149.6445mm","47.5691mm","149.6445mm","47.5691mm","148.9082mm","46.8327mm","T","45.00",""
"LR 74","LED0603","146.4441mm","47.5691mm","146.4441mm","47.5691mm","145.7078mm","46.8327mm","T","45.00",""
"LR 73","LED0603","143.2437mm","47.5691mm","143.2437mm","47.5691mm","142.5074mm","46.8327mm","T","45.00",""
"LR 72","LED0603","165.6465mm","50.7695mm","165.6465mm","50.7695mm","164.9102mm","50.0331mm","T","45.00",""
"LR 71","LED0603","162.4461mm","50.7695mm","162.4461mm","50.7695mm","161.7098mm","50.0331mm","T","45.00",""
"LR 70","LED0603","159.2457mm","50.7695mm","159.2457mm","50.7695mm","158.5094mm","50.0331mm","T","45.00",""
"LR 69","LED0603","156.0453mm","50.7695mm","156.0453mm","50.7695mm","155.309mm","50.0331mm","T","45.00",""
"LR 68","LED0603","152.8449mm","50.7695mm","152.8449mm","50.7695mm","152.1086mm","50.0331mm","T","45.00",""
"LR 67","LED0603","149.6445mm","50.7695mm","149.6445mm","50.7695mm","148.9082mm","50.0331mm","T","45.00",""
"LR 66","LED0603","146.4441mm","50.7695mm","146.4441mm","50.7695mm","145.7078mm","50.0331mm","T","45.00",""
"LR 65","LED0603","143.2437mm","50.7695mm","143.2437mm","50.7695mm","142.5074mm","50.0331mm","T","45.00",""
"LR 64","LED0603","165.6465mm","53.9699mm","165.6465mm","53.9699mm","164.9102mm","53.2335mm","T","45.00",""
"LR 63","LED0603","162.4461mm","53.9699mm","162.4461mm","53.9699mm","161.7098mm","53.2335mm","T","45.00",""
"LR 62","LED0603","159.2457mm","53.9699mm","159.2457mm","53.9699mm","158.5094mm","53.2335mm","T","45.00",""
"LR 61","LED0603","156.0453mm","53.9699mm","156.0453mm","53.9699mm","155.309mm","53.2335mm","T","45.00",""
"LR 60","LED0603","152.8449mm","53.9699mm","152.8449mm","53.9699mm","152.1086mm","53.2335mm","T","45.00",""
"LR 59","LED0603","149.6445mm","53.9699mm","149.6445mm","53.9699mm","148.9082mm","53.2335mm","T","45.00",""
"LR 58","LED0603","146.4441mm","53.9699mm","146.4441mm","53.9699mm","145.7078mm","53.2335mm","T","45.00",""
"LR 57","LED0603","143.2437mm","53.9699mm","143.2437mm","53.9699mm","142.5074mm","53.2335mm","T","45.00",""
"LR 56","LED0603","165.6465mm","57.1703mm","165.6465mm","57.1703mm","164.9102mm","56.4339mm","T","45.00",""
"LR 55","LED0603","162.4461mm","57.1703mm","162.4461mm","57.1703mm","161.7098mm","56.4339mm","T","45.00",""
"LR 54","LED0603","159.2457mm","57.1703mm","159.2457mm","57.1703mm","158.5094mm","56.4339mm","T","45.00",""
"LR 53","LED0603","156.0453mm","57.1703mm","156.0453mm","57.1703mm","155.309mm","56.4339mm","T","45.00",""
"LR 52","LED0603","152.8449mm","57.1703mm","152.8449mm","57.1703mm","152.1086mm","56.4339mm","T","45.00",""
"LR 51","LED0603","149.6445mm","57.1703mm","149.6445mm","57.1703mm","148.9082mm","56.4339mm","T","45.00",""
"LR 50","LED0603","146.4441mm","57.1703mm","146.4441mm","57.1703mm","145.7078mm","56.4339mm","T","45.00",""
"LR 49","LED0603","143.2437mm","57.1703mm","143.2437mm","57.1703mm","142.5074mm","56.4339mm","T","45.00",""
"LR 48","LED0603","165.6465mm","60.3707mm","165.6465mm","60.3707mm","164.9102mm","59.6343mm","T","45.00",""
"LR 47","LED0603","162.4461mm","60.3707mm","162.4461mm","60.3707mm","161.7098mm","59.6343mm","T","45.00",""
"LR 46","LED0603","159.2457mm","60.3707mm","159.2457mm","60.3707mm","158.5094mm","59.6343mm","T","45.00",""
"LR 45","LED0603","156.0453mm","60.3707mm","156.0453mm","60.3707mm","155.309mm","59.6343mm","T","45.00",""
"LR 44","LED0603","152.8449mm","60.3707mm","152.8449mm","60.3707mm","152.1086mm","59.6343mm","T","45.00",""
"LR 43","LED0603","149.6445mm","60.3707mm","149.6445mm","60.3707mm","148.9082mm","59.6343mm","T","45.00",""
"LR 42","LED0603","146.4441mm","60.3707mm","146.4441mm","60.3707mm","145.7078mm","59.6343mm","T","45.00",""
"LR 41","LED0603","143.2437mm","60.3707mm","143.2437mm","60.3707mm","142.5074mm","59.6343mm","T","45.00",""
"LR 40","LED0603","165.6465mm","63.5711mm","165.6465mm","63.5711mm","164.9102mm","62.8347mm","T","45.00",""
"LR 39","LED0603","162.4461mm","63.5711mm","162.4461mm","63.5711mm","161.7098mm","62.8347mm","T","45.00",""
"LR 38","LED0603","159.2457mm","63.5711mm","159.2457mm","63.5711mm","158.5094mm","62.8347mm","T","45.00",""
"LR 37","LED0603","156.0453mm","63.5711mm","156.0453mm","63.5711mm","155.309mm","62.8347mm","T","45.00",""
"LR 36","LED0603","152.8449mm","63.5711mm","152.8449mm","63.5711mm","152.1086mm","62.8347mm","T","45.00",""
"LR 35","LED0603","149.6445mm","63.5711mm","149.6445mm","63.5711mm","148.9082mm","62.8347mm","T","45.00",""
"LR 34","LED0603","146.4441mm","63.5711mm","146.4441mm","63.5711mm","145.7078mm","62.8347mm","T","45.00",""
"LR 33","LED0603","143.2437mm","63.5711mm","143.2437mm","63.5711mm","142.5074mm","62.8347mm","T","45.00",""
"LR 32","LED0603","165.6465mm","66.7715mm","165.6465mm","66.7715mm","164.9102mm","66.0351mm","T","45.00",""
"LR 31","LED0603","162.4461mm","66.7715mm","162.4461mm","66.7715mm","161.7098mm","66.0351mm","T","45.00",""
"LR 30","LED0603","159.2457mm","66.7715mm","159.2457mm","66.7715mm","158.5094mm","66.0351mm","T","45.00",""
"LR 29","LED0603","156.0453mm","66.7715mm","156.0453mm","66.7715mm","155.309mm","66.0351mm","T","45.00",""
"LR 28","LED0603","152.8449mm","66.7715mm","152.8449mm","66.7715mm","152.1086mm","66.0351mm","T","45.00",""
"LR 27","LED0603","149.6445mm","66.7715mm","149.6445mm","66.7715mm","148.9082mm","66.0351mm","T","45.00",""
"LR 26","LED0603","146.4441mm","66.7715mm","146.4441mm","66.7715mm","145.7078mm","66.0351mm","T","45.00",""
"LR 25","LED0603","143.2437mm","66.7715mm","143.2437mm","66.7715mm","142.5074mm","66.0351mm","T","45.00",""
"LR 24","LED0603","165.6465mm","69.9719mm","165.6465mm","69.9719mm","164.9102mm","69.2355mm","T","45.00",""
"LR 23","LED0603","162.4461mm","69.9719mm","162.4461mm","69.9719mm","161.7098mm","69.2355mm","T","45.00",""
"LR 22","LED0603","159.2457mm","69.9719mm","159.2457mm","69.9719mm","158.5094mm","69.2355mm","T","45.00",""
"LR 21","LED0603","156.0453mm","69.9719mm","156.0453mm","69.9719mm","155.309mm","69.2355mm","T","45.00",""
"LR 20","LED0603","152.8449mm","69.9719mm","152.8449mm","69.9719mm","152.1086mm","69.2355mm","T","45.00",""
"LR 19","LED0603","149.6445mm","69.9719mm","149.6445mm","69.9719mm","148.9082mm","69.2355mm","T","45.00",""
"LR 18","LED0603","146.4441mm","69.9719mm","146.4441mm","69.9719mm","145.7078mm","69.2355mm","T","45.00",""
"LR 17","LED0603","143.2437mm","69.9719mm","143.2437mm","69.9719mm","142.5074mm","69.2355mm","T","45.00",""
"LR 16","LED0603","165.6465mm","73.1723mm","165.6465mm","73.1723mm","164.9102mm","72.4359mm","T","45.00",""
"LR 15","LED0603","162.4461mm","73.1723mm","162.4461mm","73.1723mm","161.7098mm","72.4359mm","T","45.00",""
"LR 14","LED0603","159.2457mm","73.1723mm","159.2457mm","73.1723mm","158.5094mm","72.4359mm","T","45.00",""
"LR 13","LED0603","156.0453mm","73.1723mm","156.0453mm","73.1723mm","155.309mm","72.4359mm","T","45.00",""
"LR 12","LED0603","152.8449mm","73.1723mm","152.8449mm","73.1723mm","152.1086mm","72.4359mm","T","45.00",""
"LR 11","LED0603","149.6445mm","73.1723mm","149.6445mm","73.1723mm","148.9082mm","72.4359mm","T","45.00",""
"LR 10","LED0603","146.4441mm","73.1723mm","146.4441mm","73.1723mm","145.7078mm","72.4359mm","T","45.00",""
"LR 9","LED0603","143.2437mm","73.1723mm","143.2437mm","73.1723mm","142.5074mm","72.4359mm","T","45.00",""
"LR 8","LED0603","165.6465mm","76.3727mm","165.6465mm","76.3727mm","164.9102mm","75.6363mm","T","45.00",""
"LR 7","LED0603","162.4461mm","76.3727mm","162.4461mm","76.3727mm","161.7098mm","75.6363mm","T","45.00",""
"LR 6","LED0603","159.2457mm","76.3727mm","159.2457mm","76.3727mm","158.5094mm","75.6363mm","T","45.00",""
"LR 5","LED0603","156.0453mm","76.3727mm","156.0453mm","76.3727mm","155.309mm","75.6363mm","T","45.00",""
"LR 4","LED0603","152.8449mm","76.3727mm","152.8449mm","76.3727mm","152.1086mm","75.6363mm","T","45.00",""
"LR 3","LED0603","149.6445mm","76.3727mm","149.6445mm","76.3727mm","148.9082mm","75.6363mm","T","45.00",""
"LR 2","LED0603","146.4441mm","76.3727mm","146.4441mm","76.3727mm","145.7078mm","75.6363mm","T","45.00",""
"LY 1","LED0603","134.4147mm","76.3981mm","134.4147mm","76.3981mm","133.3733mm","76.3981mm","T","360.00",""
"LR 1","LED0603","143.2437mm","76.3727mm","143.2437mm","76.3727mm","142.5074mm","75.6363mm","T","45.00",""
"LY 74","LED0603","17.245mm","44.1198mm","17.245mm","44.1198mm","16.2036mm","44.1198mm","T","0.00",""
"LY 73","LED0603","12.7492mm","44.1198mm","12.7492mm","44.1198mm","11.7078mm","44.1198mm","T","0.00",""
"LY 72","LED0603","8.2534mm","44.1198mm","8.2534mm","44.1198mm","7.212mm","44.1198mm","T","0.00",""
"SCHOTTKY1","LED0603","75.9036mm","23.2346mm","75.8952mm","23.241mm","75.9036mm","21.7916mm","B","180.00",""
"SCHOTTKY2","LED0603","78.4436mm","23.2346mm","78.4352mm","23.241mm","78.4436mm","21.7916mm","B","180.00",""
"SCHOTTKY3","LED0603","80.9836mm","23.2346mm","80.9752mm","23.241mm","80.9836mm","21.7916mm","B","180.00",""
"SCHOTTKY4","LED0603","83.5236mm","23.2346mm","83.5152mm","23.241mm","83.5236mm","21.7916mm","B","180.00",""
"SCHOTTKY5","LED0603","86.0636mm","23.2346mm","86.0552mm","23.241mm","86.0636mm","21.7916mm","B","180.00",""
"SCHOTTKY6","LED0603","88.6036mm","23.2346mm","88.5952mm","23.241mm","88.6036mm","21.7916mm","B","180.00",""
"SCHOTTKY7","LED0603","91.1436mm","23.2346mm","91.1352mm","23.241mm","91.1436mm","21.7916mm","B","180.00",""
"SCHOTTKY8","LED0603","93.6836mm","23.2346mm","93.6752mm","23.241mm","93.6836mm","21.7916mm","B","180.00",""
"SCHOTTKY9","LED0603","96.2236mm","23.2346mm","96.2152mm","23.241mm","96.2236mm","21.7916mm","B","180.00",""
"SCHOTTKY10","LED0603","77.1736mm","18.4086mm","77.1652mm","18.415mm","77.1736mm","16.9656mm","B","180.00",""
"SCHOTTKY11","LED0603","79.7136mm","18.4086mm","79.7052mm","18.415mm","79.7136mm","16.9656mm","B","180.00",""
"SCHOTTKY12","LED0603","82.2536mm","18.4086mm","82.2452mm","18.415mm","82.2536mm","16.9656mm","B","180.00",""
"SCHOTTKY13","LED0603","84.7936mm","18.4086mm","84.7852mm","18.415mm","84.7936mm","16.9656mm","B","180.00",""
"SCHOTTKY14","LED0603","87.3336mm","18.4086mm","87.3252mm","18.415mm","87.3336mm","16.9656mm","B","180.00",""
"SCHOTTKY15","LED0603","89.8736mm","18.4086mm","89.8652mm","18.415mm","89.8736mm","16.9656mm","B","180.00",""
"SCHOTTKY16","LED0603","92.4136mm","18.4086mm","92.4052mm","18.415mm","92.4136mm","16.9656mm","B","180.00",""
"SCHOTTKY17","LED0603","94.9536mm","18.4086mm","94.9452mm","18.415mm","94.9536mm","16.9656mm","B","180.00",""
"SCHOTTKY18","LED0603","97.4936mm","18.4086mm","97.4852mm","18.415mm","97.4936mm","16.9656mm","B","180.00",""

